"Category","Code","Product Name","Content","Actual Price","Price"
"","5","10 CM ELECTRIC","BOX","110","17"
"","6","10 CM CRACLING","BOX","125","19"
"","7","10 CM SUPREME GREEN","BOX","130","20"
"","8","10 CM SPARKLING RED","BOX","140","21"
"","13","15 CM ELECTRIC","BOX","225","34"
"","14","15 CM CRACKLING","BOX","247.5","38"
"","15","15 CM SUPREME GREEN","BOX","255","39"
"","16","15 CM SPARKLING RED","BOX","270","41"
"","17","30 CM ELECTRIC","BOX","225","34"
"","18","30 cm CRACKLING","BOX","247.5","38"
"","19","30 CM SUPREME GREEN","BOX","250","38"
"","20","30 CM SPARKLING RED","BOX","270","41"
"","21","50 CM ELECTRIC TUBE","BOX","1050","158"
"","22","50 CM CRACKLING TUBE","BOX","1200","180"
"","23","FLOWER POTS BIG","BOX","360","54"
"","24","FLOWER POTS SPECIAL","BOX","460","69"
"","25","FLOWER POTS ASOKA","BOX","670","101"
"","27","FLOWER POTS DLX","BOX","1000","150"
"","26","COLOURKOTI","BOX","1150","173"
"","28","TRICOLOUR","BOX","1430","215"
"","30","GROUND CHAKKAR SPECIAL","BOX","320","48"
"","31","GROUND CHAKKAR SPINNER SPL","BOX","500","75"
"","32","GROUND CHAKKAR SPINNER DLX","BOX","750","113"
"","300","4X4 WHEEL","BOX","750","113"
"","33","WIRECHAKKAR","BOX","1000","150"
"","34","1 1/2 TWINKLINBG STAR","BOX","180","27"
"","35","4 TWINKLING STAR","BOX","490","74"
"","52","RED BIJILLI","PKT","200","30"
"","39","2 3/4 KURUVI CRACKERS","PKT","53","8"
"","40","3 1/2 LAKSHMI CRACKERS","PKT","70","11"
"","41","4 LAKSHMI CRACKERS","PKT","110","17"
"","43","5 Dlx CRACKERS","PKT","220","33"
"","44","GOLD LAKSHMI CRACKERS","PKT","190","29"
"","60","HYDRO BOMB","BOX","420","63"
"","61","MARSAL KING","BOX","540","81"
"","62","MARSAL CLASSIC","BOX","650","98"
"","63","MARSAL AGNI","BOX","1080","162"
"","67","HOLI RED","BOX","240","36"
"","68","HOLI GREEN","BOX","240","36"
"","69","HOLI WHITE","BOX","240","36"
"","70","HOLI GOLD","BOX","240","36"
"","301","CHHOTA RED & GREEN","BOX","210","32"
"","74","KINDER JOY RED","BOX","480","72"
"","71","KINDER JOY GREEN","BOX","480","72"
"","72","KINDER JOY WHITE","BOX","480","72"
"","73","KINDER JOY GOLD","BOX","480","72"
"","302","LOLLI POP FOUNTAIN","BOX","490","74"
"","303","TIN","PCS","550","83"
"","304","PEACOCK FEATHER","BOX","550","83"
"","305","SILVER STAR","BOX","550","83"
"","306","ROCK STAR","BOX","750","113"
"","307","GOLDEN PEACOCK","BOX","840","126"
"","308","CANDY COLOURS","BOX","850","128"
"","309","HIGH VOLATEG","BOX","850","128"
"","310","POPPIN POPPCORN","BOX","850","128"
"","311","BLUE ICE","BOX","1390","209"
"","312","GOLD FISH","BOX","1390","209"
"","313","HI - SONA","BOX","1390","209"
"","314","POWER POT","BOX","1390","209"
"","315","BINGO","BOX","1390","209"
"","316","KURKURE","BOX","1390","209"
"","317","TANGLES","BOX","1390","209"
"","318","LAYS","BOX","1390","209"
"","319","MINIOUS","BOX","1000","150"
"","320","WATER QUEEN","BOX","1000","150"
"","321","POP CORN","BOX","1100","165"
"","322","WELCOME SHOT","BOX","1100","165"
"","323","WONDER TREE","BOX","1320","198"
"","324","CRACKLING KING","BOX","1320","198"
"","325","MAGIC BUTTERFLY","BOX","1330","200"
"","326","TITANIC DROPS","BOX","1330","200"
"","327","MINI PEARL","BOX","1400","210"
"","328","TIM TIM","BOX","1570","236"
"","329","CEACKLING FOUNTAIN","BOX","1720","258"
"","330","HAND SHOTS ( MULTI COLOUR CRACKLING )","BOX","3500","525"
"","218","12 SHOTS ( MULTI COLOUR CRACKLING )","BOX","1100","165"
"","219","15 SHOTS ( MULTI COLOUR CRACKLING )","BOX","1600","240"
"","220","30 SHOTS ( MULTI COLOUR CRACKLING )","BOX","2500","375"
"","221","60 SHOTS ( MULTI COLOUR CRACKLING )","BOX","5000","750"
"","222","120 SHOTS ( MULTI COLOUR CRACKLING )","BOX","10000","1500"
"","223","240 SHOTS ( MULTI COLOUR CRACKLING )","BOX","20000","3000"
"","144","BUTTER FLY","BOX","550","83"
"","145","HELICOPTER","BOX","550","83"
"","331","HAMMER","BOX","1200","180"
"","332","BAT","BOX","1000","150"
"","333","WIRE CHAKKAR","BOX","1000","150"
"","155","LOLLIPOP STICKS","BOX","800","120"
"","105","LEO","3pcs","1500","225"
"","108","DANDIYA","3pcs","1500","225"
"","106","HUNTER","3pcs","1500","225"
"","107","BRAVE","3pcs","1500","225"
"","334","RUN","1pcs","650","98"
"","335","FOOT","1pcs","650","98"
"","336","CRICKET","1pcs","650","98"
"","337","CYCLING","1pcs","650","98"
"","338","WARRIOR","1pcs","650","98"
"","339","BOSS","1pcs","650","98"
"","340","CHICAGO BULLS","1pcs","650","98"
"","119","GRAND MASTER","1pcs","1600","240"
"","122","GRAND GANGSTAR","1pcs","1600","240"
"","121","ROCK GAKI","1pcs","1600","240"
"","120","BEAUTY QUEEN","1pcs","1600","240"
"","341","FANTASY ISLAND","2pcs","4490","674"
"","342","FIFTY FIFTY","2pcs","4500","675"
"","343","CARNIVAL","2pcs","4510","677"
"","344","NEW MOON","2pcs","4520","678"
"","129","SOCIAL MEDIA","1pcs","2700","405"
"","345","MY HERO ACADEMIA","1pcs","2700","405"
"","346","MINECRAFT LEGENDS","1pcs","2700","405"
"","128","HIDEN SAFARI","1pcs","2700","405"
"","347","VENICE","1pcs","2900","435"
"","348","PARIS","1pcs","2900","435"
"","349","TOKYO","1pcs","2900","435"
"","350","MIAMI","1pcs","2900","435"
"","351","LASVEGAS","1pcs","2900","435"
"","352","AMAZE","2pcs","5380","807"
"","353","MONKEY QUEST","2pcs","5380","807"
"","354","ATTACK MODE","2pcs","5380","807"
"","355","NEWYEAR KISS","2pcs","5380","807"
"","356","PEPSI","1pcs","4880","732"
"","357","RED BLUE","1pcs","4880","732"
"","358","COCO COLA","1pcs","4880","732"
"","359","LIMCA","1pcs","4880","732"
"","360","FANTA","1pcs","4880","732"
"","361","7 UP","1pcs","4880","732"
"","362","SIREN DLX","2pcs","1100","165"
"","363","Photo Flash","5pcs","500","75"
"","364","Colour Smoke","3pcs","750","113"
"","365","PEACOCK SMALL ( MULTI COLOUR CRACKLING )","1pcs","1050","158"
"","366","PEACOCK BATA ( MULTI COLOUR CRACKLING )","1pcs","2400","360"
"","367","100","PCS","290","44"
"","368","200","PCS","580","87"
"","369","1000","PCS","1200","180"
"","370","2000","PCS","2400","360"
"","371","5000","PCS","6000","900"
"","65","WHISHLING ROCKET","BOX","1000","150"
"","64","ROCKET BOMB","BOX","500","75"